driverId,driverRef,number,code,forename,surname,dob,nationality
1,hamilton,44,ham,lewis,hamilton,1985-01-07,british
2,heidfeld,-1,hei,nick,heidfeld,1977-05-10,german
3,rosberg,6,ros,nico,rosberg,1985-06-27,german
4,alonso,14,alo,fernando,alonso,1981-07-29,spanish
5,kovalainen,-1,kov,heikki,kovalainen,1981-10-19,finnish
6,nakajima,-1,nak,kazuki,nakajima,1985-01-11,japanese
7,bourdais,-1,bou,sébastien,bourdais,1979-02-28,french
8,raikkonen,7,rai,kimi,räikkönen,1979-10-17,finnish
9,kubica,88,kub,robert,kubica,1984-12-07,polish
10,glock,-1,glo,timo,glock,1982-03-18,german
11,sato,-1,sat,takuma,sato,1977-01-28,japanese
12,piquet_jr,-1,piq,nelson,piquet jr.,1985-07-25,brazilian
13,massa,19,mas,felipe,massa,1981-04-25,brazilian
14,coulthard,-1,cou,david,coulthard,1971-03-27,british
15,trulli,-1,tru,jarno,trulli,1974-07-13,italian
16,sutil,99,sut,adrian,sutil,1983-01-11,german
17,webber,-1,web,mark,webber,1976-08-27,australian
18,button,22,but,jenson,button,1980-01-19,british
19,davidson,-1,dav,anthony,davidson,1979-04-18,british
20,vettel,5,vet,sebastian,vettel,1987-07-03,german
21,fisichella,-1,fis,giancarlo,fisichella,1973-01-14,italian
22,barrichello,-1,bar,rubens,barrichello,1972-05-23,brazilian
23,ralf_schumacher,-1,sch,ralf,schumacher,1975-06-30,german
24,liuzzi,-1,liu,vitantonio,liuzzi,1980-08-06,italian
25,wurz,-1,wur,alexander,wurz,1974-02-15,austrian
26,speed,-1,spe,scott,speed,1983-01-24,american
27,albers,-1,alb,christijan,albers,1979-04-16,dutch
28,markus_winkelhock,-1,win,markus,winkelhock,1980-06-13,german
29,yamamoto,-1,yam,sakon,yamamoto,1982-07-09,japanese
30,michael_schumacher,-1,msc,michael,schumacher,1969-01-03,german
31,montoya,-1,mon,juan,pablo montoya,1975-09-20,colombian
32,klien,-1,kli,christian,klien,1983-02-07,austrian
33,monteiro,-1,tmo,tiago,monteiro,1976-07-24,portuguese
34,ide,-1,ide,yuji,ide,1975-01-21,japanese
35,villeneuve,-1,vil,jacques,villeneuve,1971-04-09,canadian
36,montagny,-1,fmo,franck,montagny,1978-01-05,french
37,rosa,-1,dlr,pedro,de la rosa,1971-02-24,spanish
38,doornbos,-1,doo,robert,doornbos,1981-09-23,dutch
39,karthikeyan,-1,kar,narain,karthikeyan,1977-01-14,indian
40,friesacher,-1,fri,patrick,friesacher,1980-09-26,austrian
41,zonta,-1,zon,ricardo,zonta,1976-03-23,brazilian
42,pizzonia,-1,piz,antônio,pizzonia,1980-09-11,brazilian
43,matta,-1,,cristiano,da matta,1973-09-19,brazilian
44,panis,-1,,olivier,panis,1966-09-02,french
45,pantano,-1,,giorgio,pantano,1979-02-04,italian
46,bruni,-1,,gianmaria,bruni,1981-05-30,italian
47,baumgartner,-1,,zsolt,baumgartner,1981-01-01,hungarian
48,gene,-1,,marc,gené,1974-03-29,spanish
49,frentzen,-1,,heinz-harald,frentzen,1967-05-18,german
50,verstappen,-1,,jos,verstappen,1972-03-04,dutch
51,wilson,-1,,justin,wilson,1978-07-31,british
52,firman,-1,,ralph,firman,1975-05-20,irish
53,kiesa,-1,,nicolas,kiesa,1978-03-03,danish
54,burti,-1,,luciano,burti,1975-03-05,brazilian
55,alesi,-1,,jean,alesi,1964-06-11,french
56,irvine,-1,,eddie,irvine,1965-11-10,british
57,hakkinen,-1,,mika,häkkinen,1968-09-28,finnish
58,marques,-1,,tarso,marques,1976-01-19,brazilian
59,bernoldi,-1,,enrique,bernoldi,1978-10-19,brazilian
60,mazzacane,-1,,gastón,mazzacane,1975-05-08,argentine
61,enge,-1,,tomáš,enge,1976-09-11,czech
62,yoong,-1,,alex,yoong,1976-07-20,malaysian
63,salo,-1,,mika,salo,1966-11-30,finnish
64,diniz,-1,,pedro,diniz,1970-05-22,brazilian
65,herbert,-1,,johnny,herbert,1964-06-25,british
66,mcnish,-1,,allan,mcnish,1969-12-29,british
67,buemi,-1,bue,sébastien,buemi,1988-10-31,swiss
68,takagi,-1,,toranosuke,takagi,1974-02-12,japanese
69,badoer,-1,bad,luca,badoer,1971-01-25,italian
70,zanardi,-1,,alessandro,zanardi,1966-10-23,italian
71,damon_hill,-1,,damon,hill,1960-09-17,british
72,sarrazin,-1,,stéphane,sarrazin,1975-11-02,french
73,rosset,-1,,ricardo,rosset,1968-07-27,brazilian
74,tuero,-1,,esteban,tuero,1978-04-22,argentine
75,nakano,-1,,shinji,nakano,1971-04-01,japanese
76,magnussen,-1,mag,jan,magnussen,1973-07-04,danish
77,berger,-1,,gerhard,berger,1959-08-27,austrian
78,larini,-1,,nicola,larini,1964-03-19,italian
79,katayama,-1,,ukyo,katayama,1963-05-29,japanese
80,sospiri,-1,,vincenzo,sospiri,1966-10-07,italian
81,morbidelli,-1,,gianni,morbidelli,1968-01-13,italian
82,fontana,-1,,norberto,fontana,1975-01-20,argentine
83,lamy,-1,,pedro,lamy,1972-03-20,portuguese
84,brundle,-1,,martin,brundle,1959-06-01,british
85,montermini,-1,,andrea,montermini,1964-05-30,italian
86,lavaggi,-1,,giovanni,lavaggi,1958-02-18,italian
87,blundell,-1,,mark,blundell,1966-04-08,british
88,suzuki,-1,,aguri,suzuki,1960-09-08,japanese
89,inoue,-1,,taki,inoue,1963-09-05,japanese
90,moreno,-1,,roberto,moreno,1959-02-11,brazilian
91,wendlinger,-1,,karl,wendlinger,1968-12-20,austrian
92,gachot,-1,,bertrand,gachot,1962-12-23,belgian
93,schiattarella,-1,,domenico,schiattarella,1967-11-17,italian
94,martini,-1,,pierluigi,martini,1961-04-23,italian
95,mansell,-1,,nigel,mansell,1953-08-08,british
96,boullion,-1,,jean-christophe,boullion,1969-12-27,french
97,papis,-1,,massimiliano,papis,1969-10-03,italian
98,deletraz,-1,,jean-denis,délétraz,1963-10-01,swiss
99,tarquini,-1,,gabriele,tarquini,1962-03-02,italian
100,comas,-1,,érik,comas,1963-09-28,french
101,brabham,-1,,david,brabham,1965-09-05,australian
102,senna,-1,,ayrton,senna,1960-03-21,brazilian
103,bernard,-1,,éric,bernard,1964-08-24,french
104,fittipaldi,-1,,christian,fittipaldi,1971-01-18,brazilian
105,alboreto,-1,,michele,alboreto,1956-12-23,italian
106,beretta,-1,,olivier,beretta,1969-11-23,monegasque
107,ratzenberger,-1,,roland,ratzenberger,1960-07-04,austrian
108,belmondo,-1,,paul,belmondo,1963-04-23,french
109,lehto,-1,,jyrki,järvilehto,1966-01-31,finnish
110,cesaris,-1,,andrea,de cesaris,1959-05-31,italian
111,gounon,-1,,jean-marc,gounon,1963-01-01,french
112,alliot,-1,,philippe,alliot,1954-07-27,french
113,adams,-1,,philippe,adams,1969-11-19,belgian
114,dalmas,-1,,yannick,dalmas,1961-07-28,french
115,noda,-1,,hideki,noda,1969-03-07,japanese
116,lagorce,-1,,franck,lagorce,1968-09-01,french
117,prost,-1,,alain,prost,1955-02-24,french
118,warwick,-1,,derek,warwick,1954-08-27,british
119,patrese,-1,,riccardo,patrese,1954-04-17,italian
120,barbazza,-1,,fabrizio,barbazza,1963-04-02,italian
121,andretti,-1,,michael,andretti,1962-10-05,american
122,capelli,-1,,ivan,capelli,1963-05-24,italian
123,boutsen,-1,,thierry,boutsen,1957-07-13,belgian
124,apicella,-1,,marco,apicella,1965-10-07,italian
125,naspetti,-1,,emanuele,naspetti,1968-02-24,italian
126,toshio_suzuki,-1,,toshio,suzuki,1955-03-10,japanese
127,gugelmin,-1,,maurício,gugelmin,1963-04-20,brazilian
128,poele,-1,,eric,van de poele,1961-09-30,belgian
129,grouillard,-1,,olivier,grouillard,1958-09-02,french
130,chiesa,-1,,andrea,chiesa,1964-05-06,swiss
131,modena,-1,,stefano,modena,1963-05-12,italian
132,amati,-1,,giovanna,amati,1959-07-20,italian
133,caffi,-1,,alex,caffi,1964-03-18,italian
134,bertaggia,-1,,enrico,bertaggia,1964-09-19,italian
135,mccarthy,-1,,perry,mccarthy,1961-03-03,british
136,lammers,-1,,jan,lammers,1956-06-02,dutch
137,piquet,-1,,nelson,piquet,1952-08-17,brazilian
138,satoru_nakajima,-1,,satoru,nakajima,1953-02-23,japanese
139,pirro,-1,,emanuele,pirro,1962-01-12,italian
140,johansson,-1,,stefan,johansson,1956-09-08,swedish
141,bailey,-1,,julian,bailey,1961-10-09,british
142,chaves,-1,,pedro,chaves,1965-02-27,portuguese
143,bartels,-1,,michael,bartels,1968-03-08,german
144,hattori,-1,,naoki,hattori,1966-06-13,japanese
145,nannini,-1,,alessandro,nannini,1959-07-07,italian
146,schneider,-1,,bernd,schneider,1964-07-20,german
147,barilla,-1,,paolo,barilla,1961-04-20,italian
148,foitek,-1,,gregor,foitek,1965-03-27,swiss
149,langes,-1,,claudio,langes,1960-07-20,italian
150,gary_brabham,-1,,gary,brabham,1961-03-29,australian
151,donnelly,-1,,martin,donnelly,1964-03-26,british
152,giacomelli,-1,,bruno,giacomelli,1952-09-10,italian
153,alguersuari,-1,alg,jaime,alguersuari,1990-03-23,spanish
154,grosjean,8,gro,romain,grosjean,1986-04-17,french
155,kobayashi,10,kob,kamui,kobayashi,1986-09-13,japanese
156,palmer,-1,,jonathan,palmer,1956-11-07,british
157,danner,-1,,christian,danner,1958-04-04,german
158,cheever,-1,,eddie,cheever,1958-01-10,american
159,sala,-1,,luis,pérez-sala,1959-05-15,spanish
160,ghinzani,-1,,piercarlo,ghinzani,1952-01-16,italian
161,weidler,-1,,volker,weidler,1962-03-18,german
162,raphanel,-1,,pierre-henri,raphanel,1961-05-27,french
163,arnoux,-1,,rené,arnoux,1948-07-04,french
164,joachim_winkelhock,-1,,joachim,winkelhock,1960-10-24,german
165,larrauri,-1,,oscar,larrauri,1954-08-19,argentine
166,streiff,-1,,philippe,streiff,1955-06-26,french
167,campos,-1,,adrián,campos,1960-06-17,spanish
168,schlesser,-1,,jean-louis,schlesser,1948-09-12,french
169,fabre,-1,,pascal,fabre,1960-01-09,french
170,fabi,-1,,teo,fabi,1955-03-09,italian
171,forini,-1,,franco,forini,1958-09-22,swiss
172,laffite,-1,,jacques,laffite,1943-11-21,french
173,angelis,-1,,elio,de angelis,1958-03-26,italian
174,dumfries,-1,,johnny,dumfries,1958-04-26,british
175,tambay,-1,,patrick,tambay,1949-06-25,french
176,surer,-1,,marc,surer,1951-09-18,swiss
177,keke_rosberg,-1,,keke,rosberg,1948-12-06,finnish
178,jones,-1,,alan,jones,1946-11-02,australian
179,rothengatter,-1,,huub,rothengatter,1954-10-08,dutch
180,berg,-1,,allen,berg,1961-08-01,canadian
181,manfred_winkelhock,-1,,manfred,winkelhock,1951-10-06,german
182,lauda,-1,,niki,lauda,1949-02-22,austrian
183,hesnault,-1,,françois,hesnault,1956-12-30,french
184,baldi,-1,,mauro,baldi,1954-01-31,italian
185,bellof,-1,,stefan,bellof,1957-11-20,german
186,acheson,-1,,kenny,acheson,1957-11-27,british
187,watson,-1,,john,watson,1946-05-04,british
188,cecotto,-1,,johnny,cecotto,1956-01-25,venezuelan
189,gartner,-1,,jo,gartner,1954-01-24,austrian
190,corrado_fabi,-1,,corrado,fabi,1961-04-12,italian
191,thackwell,-1,,mike,thackwell,1961-03-30,new zealander
192,serra,-1,,chico,serra,1957-02-03,brazilian
193,sullivan,-1,,danny,sullivan,1950-03-09,american
194,salazar,-1,,eliseo,salazar,1954-11-14,chilean
195,guerrero,-1,,roberto,guerrero,1958-11-16,colombian
196,boesel,-1,,raul,boesel,1957-12-04,brazilian
197,jarier,-1,,jean-pierre,jarier,1946-07-10,french
198,villeneuve_sr,-1,,jacques,villeneuve sr.,1953-11-04,canadian
199,reutemann,-1,,carlos,reutemann,1942-04-12,argentine
200,mass,-1,,jochen,mass,1946-09-30,german
201,borgudd,-1,,slim,borgudd,1946-11-25,swedish
202,pironi,-1,,didier,pironi,1952-03-26,french
203,gilles_villeneuve,-1,,gilles,villeneuve,1950-01-18,canadian
204,paletti,-1,,riccardo,paletti,1958-06-15,italian
205,henton,-1,,brian,henton,1946-09-19,british
206,daly,-1,,derek,daly,1953-03-11,irish
207,mario_andretti,-1,,mario,andretti,1940-02-28,american
208,villota,-1,,emilio,de villota,1946-07-26,spanish
209,lees,-1,,geoff,lees,1951-05-01,british
210,byrne,-1,,tommy,byrne,1958-05-06,irish
211,keegan,-1,,rupert,keegan,1955-02-26,british
212,rebaque,-1,,hector,rebaque,1956-02-05,mexican
213,gabbiani,-1,,beppe,gabbiani,1957-01-02,italian
214,cogan,-1,,kevin,cogan,1956-03-31,american
215,guerra,-1,,miguel ángel,guerra,1953-08-31,argentine
216,stohr,-1,,siegfried,stohr,1952-10-10,italian
217,zunino,-1,,ricardo,zunino,1949-04-13,argentine
218,londono,-1,,ricardo,londoño,1949-08-08,colombian
219,jabouille,-1,,jean-pierre,jabouille,1942-10-01,french
220,francia,-1,,giorgio,francia,1947-11-08,italian
221,depailler,-1,,patrick,depailler,1944-08-09,french
222,scheckter,-1,,jody,scheckter,1950-01-29,south african
223,regazzoni,-1,,clay,regazzoni,1939-09-05,swiss
224,emerson_fittipaldi,-1,,emerson,fittipaldi,1946-12-12,brazilian
225,kennedy,-1,,dave,kennedy,1953-01-15,irish
226,south,-1,,stephen,south,1952-02-19,british
227,needell,-1,,tiff,needell,1951-10-29,british
228,desire_wilson,-1,,desiré,wilson,1953-11-26,south african
229,ertl,-1,,harald,ertl,1948-08-31,austrian
230,brambilla,-1,,vittorio,brambilla,1937-11-11,italian
231,hunt,-1,,james,hunt,1947-08-29,british
232,merzario,-1,,arturo,merzario,1943-03-11,italian
233,stuck,-1,,hans-joachim,stuck,1951-01-01,german
234,brancatelli,-1,,gianfranco,brancatelli,1950-01-18,italian
235,ickx,-1,,jacky,ickx,1945-01-01,belgian
236,gaillard,-1,,patrick,gaillard,1952-02-12,french
237,ribeiro,-1,,alex,ribeiro,1948-11-07,brazilian
238,peterson,-1,,ronnie,peterson,1944-02-14,swedish
239,lunger,-1,,brett,lunger,1945-11-14,american
240,ongais,-1,,danny,ongais,1942-05-21,american
241,leoni,-1,,lamberto,leoni,1953-05-24,italian
242,galica,-1,,divina,galica,1944-08-13,british
243,stommelen,-1,,rolf,stommelen,1943-07-11,german
244,colombo,-1,,alberto,colombo,1946-02-23,italian
245,trimmer,-1,,tony,trimmer,1943-01-24,british
246,binder,-1,,hans,binder,1948-06-12,austrian
247,bleekemolen,-1,,michael,bleekemolen,1949-10-02,dutch
248,gimax,-1,,carlo,franchi,1938-01-01,italian
249,rahal,-1,,bobby,rahal,1953-01-10,american
250,pace,-1,,carlos,pace,1944-10-06,brazilian
251,ian_scheckter,-1,,ian,scheckter,1947-08-22,south african
252,pryce,-1,,tom,pryce,1949-06-11,british
253,hoffmann,-1,,ingo,hoffmann,1953-02-28,brazilian
254,zorzi,-1,,renzo,zorzi,1946-12-12,italian
255,nilsson,-1,,gunnar,nilsson,1948-11-20,swedish
256,perkins,-1,,larry,perkins,1950-03-18,australian
257,hayje,-1,,boy,lunger,1949-05-03,dutch
258,neve,-1,,patrick,nève,1949-10-13,belgian
259,purley,-1,,david,purley,1945-01-26,british
260,andersson,-1,,conny,andersson,1939-12-28,swedish
261,dryver,-1,,bernard,de dryver,1952-09-19,belgian
262,oliver,-1,,jackie,oliver,1942-08-14,british
263,kozarowitzky,-1,,mikko,kozarowitzky,1948-05-17,finnish
264,sutcliffe,-1,,andy,sutcliffe,1947-05-09,british
265,edwards,-1,,guy,edwards,1942-12-30,british
266,mcguire,-1,,brian,mcguire,1945-12-13,australian
267,schuppan,-1,,vern,schuppan,1943-03-19,australian
268,heyer,-1,,hans,heyer,1943-03-16,german
269,pilette,-1,,teddy,pilette,1942-07-26,belgian
270,ashley,-1,,ian,ashley,1947-10-26,british
271,kessel,-1,,loris,kessel,1950-04-01,swiss
272,takahashi,-1,,kunimitsu,takahashi,1940-01-29,japanese
273,hoshino,-1,,kazuyoshi,hoshino,1947-07-01,japanese
274,takahara,-1,,noritake,takahara,1951-06-06,japanese
275,lombardi,-1,,lella,lombardi,1941-03-26,italian
276,evans,-1,,bob,evans,1947-06-11,british
277,leclere,-1,,michel,leclère,1946-03-18,french
278,amon,-1,,chris,amon,1943-07-20,new zealander
279,zapico,-1,,emilio,zapico,1944-05-27,spanish
280,pescarolo,-1,,henri,pescarolo,1942-09-25,french
281,nelleman,-1,,jac,nelleman,1944-04-19,danish
282,magee,-1,,damien,magee,1945-11-17,british
283,wilds,-1,,mike,wilds,1946-01-07,british
284,pesenti_rossi,-1,,alessandro,pesenti-rossi,1942-08-31,italian
285,stuppacher,-1,,otto,stuppacher,1947-03-03,austrian
286,brown,-1,,warwick,brown,1949-12-24,australian
287,hasemi,-1,,masahiro,hasemi,1945-11-13,japanese
288,donohue,-1,,mark,donohue,1937-03-18,american
289,hill,-1,,graham,hill,1929-02-15,british
290,wilson_fittipaldi,-1,,wilson,fittipaldi,1943-12-25,brazilian
291,tunmer,-1,,guy,tunmer,1948-12-01,south african
292,keizan,-1,,eddie,keizan,1944-09-12,south african
293,charlton,-1,,dave,charlton,1936-10-27,south african
294,brise,-1,,tony,brise,1952-03-28,british
295,wunderink,-1,,roelof,wunderink,1948-12-12,dutch
296,migault,-1,,françois,migault,1944-12-04,french
297,palm,-1,,torsten,palm,1947-07-23,swedish
298,lennep,-1,,gijs,van lennep,1942-03-16,dutch
299,fushida,-1,,hiroshi,fushida,1946-03-10,japanese
300,nicholson,-1,,john,nicholson,1941-10-06,new zealander
301,morgan,-1,,dave,morgan,1944-08-07,british
302,crawford,-1,,jim,crawford,1948-02-13,british
303,vonlanthen,-1,,jo,vonlanthen,1942-05-31,swiss
304,hulme,-1,,denny,hulme,1936-06-18,new zealander
305,hailwood,-1,,mike,hailwood,1940-04-02,british
306,beltoise,-1,,jean-pierre,beltoise,1937-04-26,french
307,ganley,-1,,howden,ganley,1941-12-24,new zealander
308,robarts,-1,,richard,robarts,1944-09-22,british
309,revson,-1,,peter,revson,1939-02-27,american
310,driver,-1,,paddy,driver,1934-05-13,south african
311,belso,-1,,tom,belsø,1942-08-27,danish
312,redman,-1,,brian,redman,1937-03-09,british
313,opel,-1,,rikky,von opel,1947-10-14,liechtensteiner
314,schenken,-1,,tim,schenken,1943-09-26,australian
315,larrousse,-1,,gérard,larrousse,1940-05-23,french
316,kinnunen,-1,,leo,kinnunen,1943-08-05,finnish
317,wisell,-1,,reine,wisell,1941-09-30,swedish
318,roos,-1,,bertil,roos,1943-10-12,swedish
319,dolhem,-1,,josé,dolhem,1944-04-26,french
320,gethin,-1,,peter,gethin,1940-02-21,british
321,bell,-1,,derek,bell,1941-10-31,british
322,hobbs,-1,,david,hobbs,1939-06-09,british
323,quester,-1,,dieter,quester,1939-05-30,austrian
324,koinigg,-1,,helmuth,koinigg,1948-11-03,austrian
325,facetti,-1,,carlo,facetti,1935-06-26,italian
326,wietzes,-1,,eppie,wietzes,1938-05-28,canadian
327,cevert,-1,,françois,cevert,1944-02-25,french
328,stewart,-1,,jackie,stewart,1939-06-11,british
329,beuttler,-1,,mike,beuttler,1940-04-13,british
330,galli,-1,,nanni,galli,1940-10-02,italian
331,bueno,-1,,luiz,bueno,1937-01-16,brazilian
332,follmer,-1,,george,follmer,1934-01-27,american
333,adamich,-1,,andrea,de adamich,1941-10-03,italian
334,pretorius,-1,,jackie,pretorius,1934-11-22,south african
335,williamson,-1,,roger,williamson,1948-02-02,british
336,mcrae,-1,,graham,mcrae,1940-03-05,new zealander
337,marko,-1,,helmut,marko,1943-04-27,austrian
338,walker,-1,,david,walker,1941-06-10,australian
339,roig,-1,,alex,soler-roig,1932-10-29,spanish
340,love,-1,,john,love,1924-12-07,rhodesian
341,surtees,-1,,john,surtees,1934-02-11,british
342,barber,-1,,skip,barber,1936-11-16,american
343,brack,-1,,bill,brack,1935-12-26,canadian
344,posey,-1,,sam,posey,1944-05-26,american
345,rodriguez,-1,,pedro,rodríguez,1940-01-18,mexican
346,siffert,-1,,jo,siffert,1936-07-07,swiss
347,bonnier,-1,,jo,bonnier,1930-01-31,swedish
348,mazet,-1,,françois,mazet,1943-02-24,french
349,jean,-1,,max,jean,1943-07-27,french
350,elford,-1,,vic,elford,1935-06-10,british
351,moser,-1,,silvio,moser,1941-04-24,swiss
352,eaton,-1,,george,eaton,1945-11-12,canadian
353,lovely,-1,,pete,lovely,1926-04-11,american
354,craft,-1,,chris,craft,1939-11-17,british
355,cannoc,-1,,john,cannon,1933-06-21,canadian
356,jack_brabham,-1,,jack,brabham,1926-04-02,australian
357,miles,-1,,john,miles,1943-06-14,british
358,rindt,-1,,jochen,rindt,1942-04-18,austrian
359,gavin,-1,,johnny,servoz-gavin,1942-01-18,french
360,mclaren,-1,,bruce,mclaren,1937-08-30,new zealander
361,courage,-1,,piers,courage,1942-05-27,british
362,klerk,-1,,peter,de klerk,1935-03-16,south african
363,giunti,-1,,ignazio,giunti,1941-08-30,italian
364,gurney,-1,,dan,gurney,1931-04-13,american
365,hahne,-1,,hubert,hahne,1935-03-28,german
366,hutchison,-1,,gus,hutchison,1937-04-26,american
367,westbury,-1,,peter,westbury,1938-05-26,british
368,tingle,-1,,sam,tingle,1921-08-24,rhodesian
369,rooyen,-1,,basil,van rooyen,1939-04-19,south african
370,attwood,-1,,richard,attwood,1940-04-04,british
371,pease,-1,,al,pease,1921-10-15,canadian
372,cordts,-1,,john,cordts,1935-07-23,canadian
373,clark,-1,,jim,clark,1936-03-04,british
374,spence,-1,,mike,spence,1936-12-30,british
375,scarfiotti,-1,,ludovico,scarfiotti,1933-10-18,italian
376,bianchi,-1,bia,lucien,bianchi,1934-11-10,belgian
377,jo_schlesser,-1,,jo,schlesser,1928-05-18,french
378,widdows,-1,,robin,widdows,1942-05-27,british
379,ahrens,-1,,kurt,ahrens,1940-04-19,german
380,gardner,-1,,frank,gardner,1930-10-01,australian
381,unser,-1,,bobby,unser,1934-02-20,american
382,solana,-1,,moisés,solana,1935-12-26,mexican
383,anderson,-1,,bob,anderson,1931-05-19,british
384,botha,-1,,luki,botha,1930-01-16,south african
385,bandini,-1,,lorenzo,bandini,1935-12-21,italian
386,ginther,-1,,richie,ginther,1930-08-05,american
387,parkes,-1,,mike,parkes,1931-09-24,british
388,irwin,-1,,chris,irwin,1942-06-27,british
389,ligier,-1,,guy,ligier,1930-07-12,french
390,rees,-1,,alan,rees,1938-01-12,british
391,hart,-1,,brian,hart,1936-09-07,british
392,fisher,-1,,mike,fisher,1943-03-13,american
393,tom_jones,-1,,tom,jones,1943-04-26,american
394,baghetti,-1,,giancarlo,baghetti,1934-12-25,italian
395,williams,-1,,jonathan,williams,1942-10-26,british
396,bondurant,-1,,bob,bondurant,1933-04-27,american
397,arundell,-1,,peter,arundell,1933-11-08,british
398,vic_wilson,-1,,vic,wilson,1931-04-14,british
399,taylor,-1,,john,taylor,1933-03-23,british
400,lawrence,-1,,chris,lawrence,1933-07-27,british
401,trevor_taylor,-1,,trevor,taylor,1936-12-26,british
402,geki,-1,,giacomo,russo,1937-10-23,italian
403,phil_hill,-1,,phil,hill,1927-04-20,american
404,ireland,-1,,innes,ireland,1930-06-12,british
405,bucknum,-1,,ronnie,bucknum,1936-04-05,american
406,hawkins,-1,,paul,hawkins,1937-10-12,australian
407,prophet,-1,,david,prophet,1937-10-09,british
408,maggs,-1,,tony,maggs,1937-02-09,south african
409,blokdyk,-1,,trevor,blokdyk,1935-11-30,south african
410,lederle,-1,,neville,lederle,1938-09-25,south african
411,serrurier,-1,,doug,serrurier,1920-12-09,south african
412,niemann,-1,,brausch,niemann,1939-01-07,south african
413,pieterse,-1,,ernie,pieterse,1938-07-04,south african
414,puzey,-1,,clive,puzey,1941-07-11,rhodesian
415,reed,-1,,ray,reed,1932-04-30,south african
416,clapham,-1,,david,clapham,1931-05-18,south african
417,blignaut,-1,,alex,blignaut,1932-11-30,south african
418,gregory,-1,,masten,gregory,1932-02-29,american
419,rhodes,-1,,john,rhodes,1927-08-18,british
420,raby,-1,,ian,raby,1921-09-22,british
421,rollinson,-1,,alan,rollinson,1943-05-15,british
422,gubby,-1,,brian,gubby,1934-04-17,british
423,mitter,-1,,gerhard,mitter,1935-08-30,german
424,bussinello,-1,,roberto,bussinello,1927-10-04,italian
425,vaccarella,-1,,nino,vaccarella,1933-03-04,italian
426,bassi,-1,,giorgio,bassi,1934-01-20,italian
427,trintignant,-1,,maurice,trintignant,1917-10-30,french
428,collomb,-1,,bernard,collomb,1930-10-07,french
429,andre_pilette,-1,,andré,pilette,1918-10-06,belgian
430,beaufort,-1,,carel godin,de beaufort,1934-04-10,dutch
431,barth,-1,,edgar,barth,1917-01-26,german
432,cabral,-1,,mário de araújo,cabral,1934-01-15,portuguese
433,hansgen,-1,,walt,hansgen,1919-10-28,american
434,sharp,-1,,hap,sharp,1928-01-01,american
435,mairesse,-1,,willy,mairesse,1928-10-01,belgian
436,campbell-jones,-1,,john,campbell-jones,1930-01-21,british
437,burgess,-1,,ian,burgess,1930-07-06,british
438,settember,-1,,tony,settember,1926-07-10,american
439,estefano,-1,,nasif,estéfano,1932-11-18,argentine
440,hall,-1,,jim,hall,1935-07-23,american
441,parnell,-1,,tim,parnell,1932-06-25,british
442,kuhnke,-1,,kurt,kuhnke,1910-04-30,german
443,ernesto_brambilla,-1,,ernesto,brambilla,1934-01-31,italian
444,lippi,-1,,roberto,lippi,1926-10-17,italian
445,seiffert,-1,,günther,seiffert,1937-10-18,german
446,abate,-1,,carlo,abate,1932-07-10,italian
447,starrabba,-1,,gaetano,starrabba,1932-12-03,italian
448,broeker,-1,,peter,broeker,1926-05-15,canadian
449,ward,-1,,rodger,ward,1921-01-10,american
450,vos,-1,,ernie,de vos,1941-07-01,dutch
451,dochnal,-1,,frank,dochnal,1920-10-08,american
452,monarch,-1,,thomas,monarch,1945-09-03,american
842,gasly,10,gas,pierre,gasly,1996-02-07,french
453,lewis,-1,,jackie,lewis,1936-11-01,british
454,ricardo_rodriguez,-1,,ricardo,rodríguez,1942-02-14,mexican
455,seidel,-1,,wolfgang,seidel,1926-07-04,german
456,salvadori,-1,,roy,salvadori,1922-05-12,british
457,pon,-1,,ben,pon,1936-12-09,dutch
458,slotemaker,-1,,rob,slotemaker,1929-06-13,dutch
459,marsh,-1,,tony,marsh,1931-07-20,british
460,ashmore,-1,,gerry,ashmore,1936-07-25,british
461,schiller,-1,,heinz,schiller,1930-01-25,swiss
462,davis,-1,,colin,davis,1933-07-29,british
463,chamberlain,-1,,jay,chamberlain,1925-12-29,american
464,shelly,-1,,tony,shelly,1937-02-02,new zealander
465,greene,-1,,keith,greene,1938-01-05,british
466,walter,-1,,heini,walter,1927-07-28,swiss
467,prinoth,-1,,ernesto,prinoth,1923-04-15,italian
468,penske,-1,,roger,penske,1937-02-20,american
469,schroeder,-1,,rob,schroeder,1926-05-11,british
470,mayer,-1,,timmy,mayer,1938-02-22,american
471,johnstone,-1,,bruce,johnstone,1937-01-30,south african
472,harris,-1,,mike,harris,1939-05-25,south african
473,hocking,-1,,gary,hocking,1937-09-30,rhodesian
474,vyver,-1,,syd,van der vyver,1920-06-01,south african
475,moss,-1,,stirling,moss,1929-09-17,british
476,trips,-1,,wolfgang,von trips,1928-05-04,german
477,allison,-1,,cliff,allison,1932-02-08,british
478,herrmann,-1,,hans,herrmann,1928-02-23,german
479,brooks,-1,,tony,brooks,1932-02-25,british
480,may,-1,,michael,may,1934-08-18,swiss
481,henry_taylor,-1,,henry,taylor,1932-12-16,british
482,gendebien,-1,,olivier,gendebien,1924-01-12,belgian
483,scarlatti,-1,,giorgio,scarlatti,1921-10-02,italian
484,naylor,-1,,brian,naylor,1923-03-24,british
485,bordeu,-1,,juan manuel,bordeu,1934-01-28,argentine
486,fairman,-1,,jack,fairman,1913-03-15,british
487,natili,-1,,massimo,natili,1935-07-28,italian
488,monteverdi,-1,,peter,monteverdi,1934-06-07,swiss
489,pirocchi,-1,,renato,pirocchi,1933-03-26,italian
490,duke,-1,,geoff,duke,1923-03-29,british
491,thiele,-1,,alfonso,thiele,1920-04-05,american-italian
492,boffa,-1,,menato,boffa,1930-01-04,italian
493,ryan,-1,,peter,ryan,1940-06-10,canadian
494,ruby,-1,,lloyd,ruby,1928-01-12,american
495,ken_miles,-1,,ken,miles,1918-11-01,british
496,menditeguy,-1,,carlos,menditeguy,1914-08-10,argentine
497,larreta,-1,,alberto rodriguez,larreta,1934-01-14,argentine
498,gonzalez,-1,,josé froilán,gonzález,1922-10-05,argentine
499,bonomi,-1,,roberto,bonomi,1919-09-30,argentine
500,munaron,-1,,gino,munaron,1928-04-02,italian
501,schell,-1,,harry,schell,1921-06-29,american
502,stacey,-1,,alan,stacey,1933-08-29,british
503,chimeri,-1,,ettore,chimeri,1921-06-04,venezuelan
504,creus,-1,,antonio,creus,1924-10-28,spanish
505,bristow,-1,,chris,bristow,1937-12-02,british
506,halford,-1,,bruce,halford,1931-05-18,british
507,daigh,-1,,chuck,daigh,1923-11-29,american
508,reventlow,-1,,lance,reventlow,1936-02-24,american
509,rathmann,-1,,jim,rathmann,1928-07-16,american
510,goldsmith,-1,,paul,goldsmith,1925-10-02,american
511,branson,-1,,don,branson,1920-06-02,american
512,thomson,-1,,johnny,thomson,1922-04-09,american
513,johnson,-1,,eddie,johnson,1919-02-10,american
514,veith,-1,,bob,veith,1926-11-01,american
515,tingelstad,-1,,bud,tingelstad,1928-04-04,american
516,christie,-1,,bob,christie,1924-04-04,american
517,amick,-1,,red,amick,1929-01-19,american
518,darter,-1,,duane,carter,1913-05-05,american
519,homeier,-1,,bill,homeier,1918-08-31,american
520,hartley,-1,,gene,hartley,1926-01-28,american
521,stevenson,-1,,chuck,stevenson,1919-10-15,american
522,grim,-1,,bobby,grim,1924-09-04,american
523,templeman,-1,,shorty,templeman,1919-08-12,american
524,hurtubise,-1,,jim,hurtubise,1932-12-05,american
525,bryan,-1,,jimmy,bryan,1926-01-28,american
526,ruttman,-1,,troy,ruttman,1930-03-11,american
527,sachs,-1,,eddie,sachs,1927-05-28,american
528,freeland,-1,,don,freeland,1925-03-25,american
529,bettenhausen,-1,,tony,bettenhausen,1916-09-12,american
530,weiler,-1,,wayne,weiler,1934-12-09,american
531,foyt,-1,,anthony,foyt,1935-01-16,american
532,russo,-1,,eddie,russo,1925-11-19,american
533,boyd,-1,,johnny,boyd,1926-08-19,american
534,force,-1,,gene,force,1916-06-15,american
535,mcwithey,-1,,jim,mcwithey,1927-07-04,american
536,sutton,-1,,len,sutton,1925-08-09,american
537,dick_rathmann,-1,,dick,rathmann,1924-01-06,american
538,herman,-1,,al,herman,1927-03-15,american
539,dempsey_wilson,-1,,dempsey,wilson,1927-03-11,american
540,mike_taylor,-1,,mike,taylor,1934-04-24,british
541,flockhart,-1,,ron,flockhart,1923-06-16,british
542,piper,-1,,david,piper,1930-12-02,british
543,cabianca,-1,,giulio,cabianca,1923-02-19,italian
544,drogo,-1,,piero,drogo,1926-08-08,italian
545,gamble,-1,,fred,gamble,1932-03-17,american
546,owen,-1,,arthur,owen,1915-03-23,british
547,gould,-1,,horace,gould,1918-09-20,british
548,drake,-1,,bob,drake,1919-12-14,american
549,bueb,-1,,ivor,bueb,1923-06-06,british
550,changy,-1,,alain,de changy,1922-02-05,belgian
551,filippis,-1,,maria,de filippis,1926-11-11,italian
552,lucienbonnet,-1,,jean,lucienbonnet,1923-01-07,french
553,testut,-1,,andré,testut,1926-04-13,monegasque
554,behra,-1,,jean,behra,1921-02-16,french
555,paul_russo,-1,,paul,russo,1914-04-10,american
556,daywalt,-1,,jimmy,daywalt,1924-08-28,american
557,arnold,-1,,chuck,arnold,1926-05-30,american
558,keller,-1,,al,keller,1920-04-11,american
559,flaherty,-1,,pat,flaherty,1926-01-06,american
560,cheesbourg,-1,,bill,cheesbourg,1927-06-12,american
561,ray_crawford,-1,,ray,crawford,1915-10-26,american
562,turner,-1,,jack,turner,1920-02-12,american
563,weyant,-1,,chuck,weyant,1923-04-03,american
564,larson,-1,,jud,larson,1923-01-21,american
565,magill,-1,,mike,magill,1920-02-08,american
566,shelby,-1,,carroll,shelby,1923-01-11,american
567,orey,-1,,fritz,d'orey,1938-03-25,brazilian
568,fontes,-1,,azdrubal,fontes,1922-12-26,uruguayan
569,ashdown,-1,,peter,ashdown,1934-10-16,british
570,bill_moss,-1,,bill,moss,1933-09-04,british
571,dennis_taylor,-1,,dennis,taylor,1921-06-12,british
572,blanchard,-1,,harry,blanchard,1929-06-13,american
573,tomaso,-1,,alessandro,de tomaso,1928-07-10,argentine-italian
574,constantine,-1,,george,constantine,1918-02-22,american
575,said,-1,,bob,said,1932-05-05,american
576,cade,-1,,phil,cade,1916-06-12,american
577,musso,-1,,luigi,musso,1924-07-28,italian
578,hawthorn,-1,,mike,hawthorn,1929-04-10,british
579,fangio,-1,,juan,fangio,1911-06-24,argentine
580,godia,-1,,paco,godia,1921-03-21,spanish
581,collins,-1,,peter,collins,1931-11-06,british
582,kavanagh,-1,,ken,kavanagh,1923-12-12,australian
583,gerini,-1,,gerino,gerini,1928-08-10,italian
584,kessler,-1,,bruce,kessler,1936-03-23,american
585,emery,-1,,paul,emery,1916-11-12,british
586,piotti,-1,,luigi,piotti,1913-10-27,italian
587,ecclestone,-1,,bernie,ecclestone,1930-10-28,british
588,taramazzo,-1,,luigi,taramazzo,1932-05-05,italian
589,chiron,-1,,louis,chiron,1899-08-03,monegasque
590,lewis-evans,-1,,stuart,lewis-evans,1930-04-20,british
591,george_amick,-1,,george,amick,1924-10-24,american
592,reece,-1,,jimmy,reece,1929-11-17,american
593,parsons,-1,,johnnie,parsons,1918-07-04,american
594,tolan,-1,,johnnie,tolan,1917-10-22,american
595,garrett,-1,,billy,garrett,1933-04-24,american
596,elisian,-1,,ed,elisian,1926-12-09,american
597,connor,-1,,pat,o'connor,1928-10-09,american
598,jerry_unser,-1,,jerry,unser,1932-11-15,american
599,bisch,-1,,art,bisch,1926-11-10,american
600,goethals,-1,,christian,goethals,1928-08-04,belgian
601,gibson,-1,,dick,gibson,1918-04-16,british
602,la_caze,-1,,robert,la caze,1917-02-26,french
603,guelfi,-1,,andré,guelfi,1919-05-06,french
604,picard,-1,,françois,picard,1921-04-26,french
605,bridger,-1,,tom,bridger,1934-06-24,british
606,portago,-1,,alfonso,de portago,1928-10-11,spanish
607,perdisa,-1,,cesare,perdisa,1932-10-21,italian
608,castellotti,-1,,eugenio,castellotti,1930-10-10,italian
609,simon,-1,,andré,simon,1920-01-05,french
610,leston,-1,,les,leston,1920-12-16,british
611,hanks,-1,,sam,hanks,1914-07-13,american
612,linden,-1,,andy,linden,1922-04-05,american
613,teague,-1,,marshall,teague,1921-02-22,american
614,edmunds,-1,,don,edmunds,1930-09-23,american
615,agabashian,-1,,fred,agabashian,1913-08-21,american
616,george,-1,,elmer,george,1928-07-15,american
617,macdowel,-1,,mike,macdowel,1932-09-13,british
618,mackay-fraser,-1,,herbert,mackay-fraser,1927-06-23,american
619,gerard,-1,,bob,gerard,1914-01-19,british
620,maglioli,-1,,umberto,maglioli,1928-06-05,italian
621,england,-1,,paul,england,1929-03-28,australian
622,landi,-1,,chico,landi,1907-07-14,brazilian
623,uria,-1,,alberto,uria,1924-07-11,uruguayan
624,ramos,-1,,hernando,da silva ramos,1925-12-07,brazilian
625,bayol,-1,,élie,bayol,1914-02-28,french
626,manzon,-1,,robert,manzon,1917-04-12,french
627,rosier,-1,,louis,rosier,1905-11-05,french
628,sweikert,-1,,bob,sweikert,1926-05-20,american
629,griffith,-1,,cliff,griffith,1916-02-06,american
630,dinsmore,-1,,duke,dinsmore,1913-04-10,american
631,andrews,-1,,keith,andrews,1920-06-15,american
632,frere,-1,,paul,frère,1917-01-30,belgian
633,villoresi,-1,,luigi,villoresi,1909-05-16,italian
634,scotti,-1,,piero,scotti,1909-11-11,italian
635,chapman,-1,,colin,chapman,1928-05-19,british
636,titterington,-1,,desmond,titterington,1928-05-01,british
637,scott_brown,-1,,archie,scott brown,1927-05-13,british
638,volonterio,-1,,ottorino,volonterio,1917-12-07,swiss
639,milhoux,-1,,andré,milhoux,1928-12-09,belgian
640,graffenried,-1,,toulo,de graffenried,1914-05-18,swiss
641,taruffi,-1,,piero,taruffi,1906-10-12,italian
642,farina,-1,,nino,farina,1906-10-30,italian
643,mieres,-1,,roberto,mieres,1924-12-03,argentine
644,mantovani,-1,,sergio,mantovani,1929-05-22,italian
645,bucci,-1,,clemar,bucci,1920-09-04,argentine
646,iglesias,-1,,jesús,iglesias,1922-02-22,argentine
647,ascari,-1,,alberto,ascari,1918-07-13,italian
648,kling,-1,,karl,kling,1910-09-16,german
649,birger,-1,,pablo,birger,1924-01-07,argentine
650,pollet,-1,,jacques,pollet,1922-07-02,french
651,macklin,-1,,lance,macklin,1919-09-02,british
652,whiteaway,-1,,ted,whiteaway,1928-11-01,british
653,davies,-1,,jimmy,davies,1929-08-08,american
654,faulkner,-1,,walt,faulkner,1920-02-16,american
655,niday,-1,,cal,niday,1914-04-29,american
656,cross,-1,,art,cross,1918-01-24,american
657,vukovich,-1,,bill,vukovich,1918-12-13,american
658,mcgrath,-1,,jack,mcgrath,1919-10-08,american
659,hoyt,-1,,jerry,hoyt,1929-01-29,american
660,claes,-1,,johnny,claes,1916-08-11,belgian
661,peter_walker,-1,,peter,walker,1912-10-07,british
662,sparken,-1,,mike,sparken,1930-06-16,french
663,wharton,-1,,ken,wharton,1916-03-21,british
664,mcalpine,-1,,kenneth,mcalpine,1920-09-21,british
665,marr,-1,,leslie,marr,1922-08-14,british
666,rolt,-1,,tony,rolt,1918-10-16,british
667,fitch,-1,,john,fitch,1917-08-04,american
668,lucas,-1,,jean,lucas,1917-04-25,french
669,bira,-1,,prince,bira,1914-07-15,thai
670,marimon,-1,,onofre,marimón,1923-12-19,argentine
671,loyer,-1,,roger,loyer,1907-08-05,french
672,daponte,-1,,jorge,daponte,1923-06-05,argentine
673,nazaruk,-1,,mike,nazaruk,1921-10-02,american
674,crockett,-1,,larry,crockett,1926-10-23,american
675,ayulo,-1,,manny,ayulo,1921-10-20,american
676,armi,-1,,frank,armi,1918-10-12,american
677,webb,-1,,travis,webb,1910-10-08,american
678,duncan,-1,,len,duncan,1911-07-25,american
679,mccoy,-1,,ernie,mccoy,1921-02-19,american
680,swaters,-1,,jacques,swaters,1926-10-30,american
681,georges_berger,-1,,georges,berger,1918-09-14,belgian
682,beauman,-1,,don,beauman,1928-07-26,british
683,thorne,-1,,leslie,thorne,1916-06-23,british
684,whitehouse,-1,,bill,whitehouse,1909-04-01,british
685,riseley_prichard,-1,,john,riseley-prichard,1924-01-17,british
686,reg_parnell,-1,,reg,parnell,1911-07-02,british
687,whitehead,-1,,peter,whitehead,1914-11-12,british
688,brandon,-1,,eric,brandon,1920-07-18,british
689,alan_brown,-1,,alan,brown,1919-11-20,british
690,nuckey,-1,,rodney,nuckey,1929-06-26,british
691,lang,-1,,hermann,lang,1909-04-06,german
692,helfrich,-1,,theo,helfrich,1913-05-13,german
693,wacker,-1,,fred,wacker,1918-07-10,american
694,riu,-1,,giovanni,de riu,1925-03-10,italian
695,galvez,-1,,oscar,gálvez,1913-08-17,argentine
696,john_barber,-1,,john,barber,1929-07-22,british
697,bonetto,-1,,felice,bonetto,1903-06-09,italian
698,cruz,-1,,adolfo,cruz,1923-06-28,argentine
699,nalon,-1,,duke,nalon,1913-03-02,american
700,scarborough,-1,,carl,scarborough,1914-07-03,american
701,holland,-1,,bill,holland,1907-12-18,american
702,bob_scott,-1,,bob,scott,1928-10-04,american
703,legat,-1,,arthur,legat,1898-11-01,belgian
704,cabantous,-1,,yves,cabantous,1904-10-08,french
705,crook,-1,,tony,crook,1920-02-16,british
706,jimmy_stewart,-1,,jimmy,stewart,1931-03-06,british
707,ian_stewart,-1,,ian,stewart,1929-07-15,british
708,duncan_hamilton,-1,,duncan,hamilton,1920-04-30,british
709,klodwig,-1,,ernst,klodwig,1903-05-23,east german
710,krause,-1,,rudolf,krause,1907-03-30,east german
711,karch,-1,,oswald,karch,1917-03-06,german
712,heeks,-1,,willi,heeks,1922-02-13,german
713,fitzau,-1,,theo,fitzau,1923-02-10,east german
714,adolff,-1,,kurt,adolff,1921-11-05,german
715,bechem,-1,,günther,bechem,1921-12-21,german
716,bauer,-1,,erwin,bauer,1912-07-17,german
717,hans_stuck,-1,,hans,von stuck,1900-12-27,german
718,loof,-1,,ernst,loof,1907-07-04,german
719,scherrer,-1,,albert,scherrer,1908-02-28,swiss
720,terra,-1,,max,de terra,1918-10-06,swiss
721,hirt,-1,,peter,hirt,1910-03-30,swiss
722,carini,-1,,piero,carini,1921-03-06,italian
723,fischer,-1,,rudi,fischer,1912-04-19,swiss
724,ulmen,-1,,toni,ulmen,1906-01-25,german
725,abecassis,-1,,george,abecassis,1913-03-21,british
726,george_connor,-1,,george,connor,1906-08-16,american
727,rigsby,-1,,jim,rigsby,1923-06-06,american
728,james,-1,,joe,james,1925-05-23,american
729,schindler,-1,,bill,schindler,1909-03-06,american
730,fonder,-1,,george,fonder,1917-06-22,american
731,banks,-1,,henry,banks,1913-06-14,american
732,mcdowell,-1,,johnny,mcdowell,1915-01-29,american
733,miller,-1,,chet,miller,1902-07-19,american
734,ball,-1,,bobby,ball,1925-08-26,american
735,tornaco,-1,,charles,de tornaco,1927-06-07,belgian
736,laurent,-1,,roger,laurent,1913-02-21,belgian
737,obrien,-1,,robert,o'brien,1908-04-11,american
738,gaze,-1,,tony,gaze,1920-02-03,australian
739,charrington,-1,,robin,montgomerie-charrington,1915-06-23,british
740,comotti,-1,,franco,comotti,1906-07-24,italian
741,etancelin,-1,,philippe,étancelin,1896-12-28,french
742,poore,-1,,dennis,poore,1916-08-19,british
743,thompson,-1,,eric,thompson,1919-11-04,british
744,downing,-1,,ken,downing,1917-12-05,british
745,graham_whitehead,-1,,graham,whitehead,1922-04-15,british
746,bianco,-1,,gino,bianco,1916-07-22,brazilian
747,murray,-1,,david,murray,1909-12-28,british
748,cantoni,-1,,eitel,cantoni,1906-10-04,uruguayan
749,aston,-1,,bill,aston,1900-03-29,british
750,brudes,-1,,adolf,brudes,1899-10-15,german
751,riess,-1,,fritz,riess,1922-07-11,german
752,niedermayr,-1,,helmut,niedermayr,1915-11-29,german
753,klenk,-1,,hans,klenk,1919-10-28,german
754,balsa,-1,,marcel,balsa,1909-01-01,french
755,schoeller,-1,,rudolf,schoeller,1902-04-27,swiss
756,pietsch,-1,,paul,pietsch,1911-06-20,german
757,peters,-1,,josef,peters,1914-09-16,german
758,lof,-1,,dries,van der lof,1919-08-23,dutch
759,flinterman,-1,,jan,flinterman,1919-10-02,dutch
760,dusio,-1,,piero,dusio,1899-10-13,italian
761,crespo,-1,,alberto,crespo,1920-01-16,argentine
762,rol,-1,,franco,rol,1908-06-05,italian
763,sanesi,-1,,consalvo,sanesi,1911-03-28,italian
764,guy_mairesse,-1,,guy,mairesse,1910-08-10,french
765,louveau,-1,,henri,louveau,1910-01-25,french
766,wallard,-1,,lee,wallard,1910-09-07,american
767,forberg,-1,,carl,forberg,1911-03-04,american
768,rose,-1,,mauri,rose,1906-05-26,american
769,mackey,-1,,bill,mackey,1927-12-15,american
770,green,-1,,cecil,green,1919-09-30,american
771,walt_brown,-1,,walt,brown,1911-12-30,american
772,hellings,-1,,mack,hellings,1915-09-14,american
773,levegh,-1,,pierre,levegh,1905-12-22,french
774,chaboud,-1,,eugène,chaboud,1907-04-12,french
775,gordini,-1,,aldo,gordini,1921-05-20,french
776,kelly,-1,,joe,kelly,1913-03-13,irish
777,parker,-1,,philip,fotheringham-parker,1907-09-22,british
778,shawe_taylor,-1,,brian,shawe taylor,1915-01-28,british
779,john_james,-1,,john,james,1914-05-10,british
780,branca,-1,,toni,branca,1916-09-15,swiss
781,richardson,-1,,ken,richardson,1911-08-21,british
782,jover,-1,,juan,jover,1903-11-23,spanish
783,grignard,-1,,georges,grignard,1905-07-25,french
784,hampshire,-1,,david,hampshire,1917-12-29,british
785,crossley,-1,,geoff,crossley,1921-05-11,british
786,fagioli,-1,,luigi,fagioli,1898-06-09,italian
787,harrison,-1,,cuth,harrison,1906-07-06,british
788,fry,-1,,joe,fry,1915-10-26,british
789,martin,-1,,eugène,martin,1915-03-24,french
790,leslie_johnson,-1,,leslie,johnson,1912-03-22,british
791,biondetti,-1,,clemente,biondetti,1898-08-18,italian
792,pian,-1,,alfredo,pián,1912-10-21,argentine
793,sommer,-1,,raymond,sommer,1906-08-31,french
794,chitwood,-1,,joie,chitwood,1912-04-14,american
795,fohr,-1,,myron,fohr,1912-06-17,american
796,ader,-1,,walt,ader,1913-12-15,american
797,holmes,-1,,jackie,holmes,1920-09-04,american
798,levrett,-1,,bayliss,levrett,1914-02-14,american
799,jackson,-1,,jimmy,jackson,1910-07-25,american
800,pagani,-1,,nello,pagani,1911-10-11,italian
801,pozzi,-1,,charles,pozzi,1909-08-27,french
802,serafini,-1,,dorino,serafini,1909-07-22,italian
803,cantrell,-1,,bill,cantrell,1908-01-31,american
804,mantz,-1,,johnny,mantz,1918-09-18,american
805,kladis,-1,,danny,kladis,1917-02-10,american
806,oscar_gonzalez,-1,,óscar,gonzález,1923-11-10,uruguayan
807,hulkenberg,27,hul,nico,hülkenberg,1987-08-19,german
808,petrov,-1,pet,vitaly,petrov,1984-09-08,russian
810,grassi,-1,dig,lucas,di grassi,1984-08-11,brazilian
811,bruno_senna,-1,sen,bruno,senna,1983-10-15,brazilian
812,chandhok,-1,cha,karun,chandhok,1984-01-19,indian
813,maldonado,13,mal,pastor,maldonado,1985-03-09,venezuelan
814,resta,40,dir,paul,di resta,1986-04-16,british
815,perez,11,per,sergio,pérez,1990-01-26,mexican
816,ambrosio,-1,dam,jérôme,d'ambrosio,1985-12-27,belgian
817,ricciardo,3,ric,daniel,ricciardo,1989-07-01,australian
818,vergne,25,ver,jean-éric,vergne,1990-04-25,french
819,pic,-1,pic,charles,pic,1990-02-15,french
820,chilton,4,chi,max,chilton,1991-04-21,british
821,gutierrez,21,gut,esteban,gutiérrez,1991-08-05,mexican
822,bottas,77,bot,valtteri,bottas,1989-08-28,finnish
823,garde,-1,vdg,giedo,van der garde,1985-04-25,dutch
824,jules_bianchi,17,bia,jules,bianchi,1989-08-03,french
825,kevin_magnussen,20,mag,kevin,magnussen,1992-10-05,danish
826,kvyat,26,kvy,daniil,kvyat,1994-04-26,russian
827,lotterer,45,lot,andré,lotterer,1981-11-19,german
828,ericsson,9,eri,marcus,ericsson,1990-09-02,swedish
829,stevens,28,ste,will,stevens,1991-06-28,british
830,max_verstappen,33,ver,max,verstappen,1997-09-30,dutch
831,nasr,12,nas,felipe,nasr,1992-08-21,brazilian
832,sainz,55,sai,carlos,sainz,1994-09-01,spanish
833,merhi,98,mer,roberto,merhi,1991-03-22,spanish
834,rossi,53,rss,alexander,rossi,1991-09-25,american
835,jolyon_palmer,30,pal,jolyon,palmer,1991-01-20,british
836,wehrlein,94,weh,pascal,wehrlein,1994-10-18,german
837,haryanto,88,har,rio,haryanto,1993-01-22,indonesian
838,vandoorne,2,van,stoffel,vandoorne,1992-03-26,belgian
839,ocon,31,oco,esteban,ocon,1996-09-17,french
840,stroll,18,str,lance,stroll,1998-10-29,canadian
841,giovinazzi,99,gio,antonio,giovinazzi,1993-12-14,italian
843,brendon_hartley,28,har,brendon,hartley,1989-11-10,new zealander
844,leclerc,16,lec,charles,leclerc,1997-10-16,monegasque
845,sirotkin,35,sir,sergey,sirotkin,1995-08-27,russian
846,norris,4,nor,lando,norris,1999-11-13,british
847,russell,63,rus,george,russell,1998-02-15,british
848,albon,23,alb,alexander,albon,1996-03-23,thai
849,latifi,6,lat,nicholas,latifi,1995-06-29,canadian
850,pietro_fittipaldi,51,fit,pietro,fittipaldi,1996-06-25,brazilian
851,aitken,89,ait,jack,aitken,1995-09-23,british
852,tsunoda,22,tsu,yuki,tsunoda,2000-05-11,japanese
853,mazepin,9,maz,nikita,mazepin,1999-03-02,russian
854,mick_schumacher,47,msc,mick,schumacher,1999-03-22,german
855,zhou,24,zho,guanyu,zhou,1999-05-30,chinese
856,de_vries,21,dev,nyck,de vries,1995-02-06,dutch
857,piastri,81,pia,oscar,piastri,2001-04-06,australian
858,sargeant,2,sar,logan,sargeant,2000-12-31,american
859,lawson,30,law,liam,lawson,2002-02-11,new zealander
860,bearman,38,bea,oliver,bearman,2005-05-08,british
861,colapinto,43,col,franco,colapinto,2003-05-27,argentinian
862,doohan,61,doo,jack,doohan,2003-01-20,australian
